website,email
http://www.klvse.com/,kevin@klvse.com
https://www.cushmancontracting.com/,tammy@cushmancontracting.com
http://www.vansandestructural.com/,admin@vssc.biz
http://www.wmsurveysinc.com/,office@wmsurveysinc.com
https://www.caldwellconstruction.com/,sean@caldwellconstruction.com
https://craddock.biz/,cli@craddock.biz
https://www.stantec.com/en/offices/united-states-locations/california-offices-filtered/santa-barbara-california-office,askstantec@stantec.com
https://www.stantec.com/en/offices/united-states-locations/california-offices-filtered/santa-barbara-california-office,media@stantec.com
http://www.flowersassoc.com/,info@flowersassoc.com
http://www.smithengineering.net/,brian@smithengineering.net
https://www.windwardeng.com/,info@windwardeng.com
http://www.mnsengineers.com/,bd@mnsengineers.com
https://www.ideaengineering.com/,info@ideaengineering.com
http://www.kenneyconstruction.com/,info@kenneyconstruction.com
https://www.cardno.com/,media@stantec.com
http://www.drs-engineering.net/,DRS@DRS-Engineering.net
http://www.lewis-engineering.com/,lewisengineers@aol.com
https://www.yorkeengr.com/,Careers@YorkeEngr.com
https://www.yorkeengr.com/,Info@YorkeEngr.com
https://www.yorkeengr.com/,info@yorkeengr.com
http://yceinc.com/,yce-mya@pacbell.net
http://www.pacificcoastcivil.com/,info@pacificcoastcivil.com
http://www.tsstructural.com/,jobs@tsstructural.com
http://jtengineering.com/,Mail@jtengineering.com
http://luminare-design.com/,william@luminare-design.com
http://www.villafanaengineering.com/,villafanaengineering@gmail.com
http://www.tartaglia-engineering.com/,info@mysite.com
http://www.thengineers.com/,mail@thengineers.com
https://www.superstructures.com/,info@superstructures.com
https://parkerresnick.com/,bruce_resnick@parkerresnick.com
https://parkerresnick.com/,leo.parker@parkerresnick.com
https://parkerresnick.com/,steve.cox@parkerresnick.com
https://achieveengineer.com/,info@achieveengineer.com
http://www.artisanengineering.biz/,4x_fan@comcast.net
http://www.artisanengineering.biz/,Chuck@Artisanengineering.biz
http://www.greystoneeng.com/,info@greystoneeng.com
